{
  "pearson": {
    "mean": 0.00029170814050987566,
    "std": 0.9544416622404388,
    "median": -0.23287293975201787,
    "pct_above_2": 5.104882828254072,
    "pct_above_3": 4.998600297021716
  },
  "deviance": {
    "mean": -0.20065147505083386,
    "std": 0.46945278987408867,
    "median": -0.33393311726691227,
    "pct_above_2": 0.30793465522231556,
    "pct_above_3": 0.0
  },
  "quantile": {
    "mean": 1.711740671882251,
    "std": 0.23325296450438915,
    "median": 1.6049092229726196,
    "pct_above_2": 11.697721093761121,
    "pct_above_3": 0.01470874316162062
  }
}