{
  "h5_file": "D:\\INDYsim\\data\\GMR61@GMR61_T_Re_Sq_0to100PWM_30#C_Bl_7PWM_202508221246.h5",
  "trajectories_file": "D:\\INDYsim\\data\\engineered\\GMR61@GMR61_T_Re_Sq_0to100PWM_30#C_Bl_7PWM_202508221246_trajectories.csv",
  "events_file": "D:\\INDYsim\\data\\engineered\\GMR61@GMR61_T_Re_Sq_0to100PWM_30#C_Bl_7PWM_202508221246_events.csv",
  "parameters": {
    "tperiod": 15.0,
    "stepsize": 0.1,
    "binsize": 0.5,
    "frame_rate": 10.0
  },
  "existing_pipeline": {
    "n_bins": 60,
    "mean_rate_min": 0.7453416149068323,
    "mean_rate_max": 8.571428571428571,
    "mean_rate_mean": 3.720496894409938,
    "bin_centers": [
      -9.75,
      -9.25,
      -8.75,
      -8.25,
      -7.75,
      -7.25,
      -6.75,
      -6.25,
      -5.75,
      -5.25,
      -4.75,
      -4.25,
      -3.75,
      -3.25,
      -2.75,
      -2.25,
      -1.75,
      -1.25,
      -0.75,
      -0.25,
      0.25,
      0.75,
      1.25,
      1.75,
      2.25,
      2.75,
      3.25,
      3.75,
      4.25,
      4.75,
      5.25,
      5.75,
      6.25,
      6.75,
      7.25,
      7.75,
      8.25,
      8.75,
      9.25,
      9.75,
      10.25,
      10.75,
      11.25,
      11.75,
      12.25,
      12.75,
      13.25,
      13.75,
      14.25,
      14.75,
      15.25,
      15.75,
      16.25,
      16.75,
      17.25,
      17.75,
      18.25,
      18.75,
      19.25,
      19.75
    ],
    "mean_rates": [
      4.099378881987578,
      3.3540372670807455,
      3.7267080745341614,
      3.3540372670807455,
      2.981366459627329,
      2.981366459627329,
      4.099378881987578,
      4.099378881987578,
      1.8633540372670807,
      5.217391304347826,
      3.3540372670807455,
      3.7267080745341614,
      8.571428571428571,
      1.8633540372670807,
      3.7267080745341614,
      4.099378881987578,
      4.099378881987578,
      5.217391304347826,
      5.962732919254658,
      4.472049689440993,
      5.217391304347826,
      2.981366459627329,
      5.590062111801243,
      2.608695652173913,
      5.962732919254658,
      5.590062111801243,
      6.3354037267080745,
      3.3540372670807455,
      2.608695652173913,
      5.590062111801243,
      2.2360248447204967,
      3.7267080745341614,
      4.84472049689441,
      4.84472049689441,
      4.099378881987578,
      0.7453416149068323,
      4.099378881987578,
      2.981366459627329,
      1.8633540372670807,
      2.2360248447204967,
      1.8633540372670807,
      3.7267080745341614,
      3.7267080745341614,
      1.8633540372670807,
      2.981366459627329,
      1.1180124223602483,
      2.608695652173913,
      2.608695652173913,
      2.608695652173913,
      3.7267080745341614,
      4.472049689440993,
      2.981366459627329,
      4.472049689440993,
      2.981366459627329,
      4.472049689440993,
      4.099378881987578,
      5.217391304347826,
      5.217391304347826,
      2.2360248447204967,
      1.8633540372670807
    ]
  },
  "matlab_method": {
    "n_points": 151,
    "rate_min": 0.0,
    "rate_max": 0.875,
    "rate_mean": 0.2591059602649007,
    "nperiod": 960.0,
    "n_turns": 62,
    "time_axis": [
      0.0,
      0.1,
      0.2,
      0.30000000000000004,
      0.4,
      0.5,
      0.6000000000000001,
      0.7000000000000001,
      0.8,
      0.9,
      1.0,
      1.1,
      1.2000000000000002,
      1.3,
      1.4000000000000001,
      1.5,
      1.6,
      1.7000000000000002,
      1.8,
      1.9000000000000001,
      2.0,
      2.1,
      2.2,
      2.3000000000000003,
      2.4000000000000004,
      2.5,
      2.6,
      2.7,
      2.8000000000000003,
      2.9000000000000004,
      3.0,
      3.1,
      3.2,
      3.3000000000000003,
      3.4000000000000004,
      3.5,
      3.6,
      3.7,
      3.8000000000000003,
      3.9000000000000004,
      4.0,
      4.1000000000000005,
      4.2,
      4.3,
      4.4,
      4.5,
      4.6000000000000005,
      4.7,
      4.800000000000001,
      4.9,
      5.0,
      5.1000000000000005,
      5.2,
      5.300000000000001,
      5.4,
      5.5,
      5.6000000000000005,
      5.7,
      5.800000000000001,
      5.9,
      6.0,
      6.1000000000000005,
      6.2,
      6.300000000000001,
      6.4,
      6.5,
      6.6000000000000005,
      6.7,
      6.800000000000001,
      6.9,
      7.0,
      7.1000000000000005,
      7.2,
      7.300000000000001,
      7.4,
      7.5,
      7.6000000000000005,
      7.7,
      7.800000000000001,
      7.9,
      8.0,
      8.1,
      8.200000000000001,
      8.3,
      8.4,
      8.5,
      8.6,
      8.700000000000001,
      8.8,
      8.9,
      9.0,
      9.1,
      9.200000000000001,
      9.3,
      9.4,
      9.5,
      9.600000000000001,
      9.700000000000001,
      9.8,
      9.9,
      10.0,
      10.100000000000001,
      10.200000000000001,
      10.3,
      10.4,
      10.5,
      10.600000000000001,
      10.700000000000001,
      10.8,
      10.9,
      11.0,
      11.100000000000001,
      11.200000000000001,
      11.3,
      11.4,
      11.5,
      11.600000000000001,
      11.700000000000001,
      11.8,
      11.9,
      12.0,
      12.100000000000001,
      12.200000000000001,
      12.3,
      12.4,
      12.5,
      12.600000000000001,
      12.700000000000001,
      12.8,
      12.9,
      13.0,
      13.100000000000001,
      13.200000000000001,
      13.3,
      13.4,
      13.5,
      13.600000000000001,
      13.700000000000001,
      13.8,
      13.9,
      14.0,
      14.100000000000001,
      14.200000000000001,
      14.3,
      14.4,
      14.5,
      14.600000000000001,
      14.700000000000001,
      14.8,
      14.9,
      15.0
    ],
    "turnrate": [
      0.375,
      0.625,
      0.625,
      0.375,
      0.375,
      0.375,
      0.125,
      0.125,
      0.125,
      0.125,
      0.125,
      0.125,
      0.0,
      0.125,
      0.25,
      0.25,
      0.375,
      0.375,
      0.375,
      0.25,
      0.25,
      0.125,
      0.125,
      0.0,
      0.125,
      0.125,
      0.375,
      0.5,
      0.5,
      0.375,
      0.375,
      0.25,
      0.125,
      0.25,
      0.25,
      0.375,
      0.25,
      0.25,
      0.125,
      0.25,
      0.125,
      0.25,
      0.25,
      0.25,
      0.25,
      0.25,
      0.125,
      0.25,
      0.5,
      0.375,
      0.375,
      0.625,
      0.5,
      0.375,
      0.375,
      0.375,
      0.125,
      0.125,
      0.0,
      0.125,
      0.125,
      0.125,
      0.125,
      0.375,
      0.25,
      0.25,
      0.25,
      0.25,
      0.25,
      0.5,
      0.5,
      0.5,
      0.5,
      0.25,
      0.0,
      0.0,
      0.0,
      0.0,
      0.0,
      0.0,
      0.0,
      0.125,
      0.125,
      0.375,
      0.375,
      0.5,
      0.5,
      0.5,
      0.375,
      0.375,
      0.25,
      0.125,
      0.25,
      0.125,
      0.125,
      0.125,
      0.25,
      0.125,
      0.25,
      0.25,
      0.25,
      0.125,
      0.125,
      0.25,
      0.25,
      0.25,
      0.25,
      0.25,
      0.125,
      0.125,
      0.125,
      0.25,
      0.25,
      0.25,
      0.25,
      0.25,
      0.125,
      0.125,
      0.25,
      0.25,
      0.25,
      0.25,
      0.375,
      0.25,
      0.75,
      0.75,
      0.875,
      0.75,
      0.625,
      0.125,
      0.125,
      0.125,
      0.125,
      0.25,
      0.375,
      0.5,
      0.375,
      0.375,
      0.25,
      0.125,
      0.0,
      0.0,
      0.0,
      0.0,
      0.125,
      0.125,
      0.125,
      0.25,
      0.5,
      0.375,
      0.375
    ]
  },
  "comparison": {
    "rate_range_overlap": "True",
    "mean_rate_difference": 3.461390934145037
  }
}